<?xml version='1.0' encoding='utf-8'?>
<!DOCTYPE hibernate-mapping PUBLIC
        "-//Hibernate/Hibernate Mapping DTD 3.0//EN"
        "http://www.hibernate.org/dtd/hibernate-mapping-3.0.dtd">
<hibernate-mapping>

    <!--    <class name="com.example.CustomerEntity" table="customer" schema="db1">-->
    <!--        <id name="id" column="id"/>-->
    <!--        <property name="name" column="name"/>-->
    <!--    </class>-->

    <class name="com.example.CustomerEntity" table="customer" schema="db1">


        <id name="id" type="integer">
            <column name="id"/>
            <generator class="foreign">
                <param name="property">address</param>
            </generator>
        </id>
        <property name="name" type="string">
            <column name="name" length="25" not-null="true"/>
        </property>
        <one-to-one name="address" class="com.example.AddressEntity" cascade="all" constrained="true">
        </one-to-one>
    </class>


</hibernate-mapping>