<?xml version='1.0' encoding='utf-8'?>
<!DOCTYPE hibernate-mapping PUBLIC
        "-//Hibernate/Hibernate Mapping DTD 3.0//EN"
        "http://www.hibernate.org/dtd/hibernate-mapping-3.0.dtd">
<hibernate-mapping>

    <class name="com.example.DepartmentAndUsr.DepartmentEntity" table="Department" schema="db1">

        <id name="id" column="id" type="integer">
            <generator class="native" />
        </id>
        <property name="name" type="string">
            <column name="name" length="100" />
        </property>
        <property name="description" type="string">
            <column name="description" length="200" />
        </property>

        <property name="status" type="string">
            <column name="status" length="45" />
        </property>
        <property name="goal" type="string">
            <column name="goal" length="45" />
        </property>


        <set name="usrs" table="usr" lazy="false" inverse="false"
             cascade="all" sort="unsorted">
            <key column="deptid" />
            <one-to-many class="com.example.DepartmentAndUsr.UsrEntity" />
        </set>



    </class>
</hibernate-mapping>