<?xml version='1.0' encoding='utf-8'?>
<!DOCTYPE hibernate-configuration PUBLIC
        "-//Hibernate/Hibernate Configuration DTD//EN"
        "http://www.hibernate.org/dtd/hibernate-configuration-3.0.dtd">
<hibernate-configuration>
    <session-factory>
        <property name="connection.url">jdbc:mysql://47.94.21.104:3306/db1</property>
        <property name="connection.driver_class">com.mysql.jdbc.Driver</property>
        <property name="hibernate.connection.username">root</property>
        <property name="hibernate.connection.password">root</property>
        <!-- DB schema will be updated if needed -->
        <property name="hibernate.hbm2ddl.auto">update</property>

        <property name="hibernate.dialect">org.hibernate.dialect.MySQL5Dialect</property>

        <!-- 2. 其他相关配置 -->
        <!-- 2.1 显示hibernate在运行时候执行的sql语句 -->
        <property name="hibernate.show_sql">true</property>
        <!-- 2.2 格式化sql -->
        <property name="hibernate.format_sql">true</property>
        <!-- 2.3 自动建表  -->


        <!--3. 加载所有映射-->
                <mapping resource="Student.hbm.xml"/>
                <mapping class="com.example.test.StudentEntity"/>


        <mapping class="com.example.AddressEntity"/>
        <mapping class="com.example.CustomerEntity"/>
        <mapping resource="AddressEntity.hbm.xml"/>
        <mapping resource="CustomerEntity.hbm.xml"/>



        <mapping class="com.example.DepartmentAndUsr.DepartmentEntity"/>
        <mapping class="com.example.DepartmentAndUsr.UsrEntity"/>
        <mapping resource="Department.hbm.xml"/>
        <mapping resource="Usr.hbm.xml"/>


    </session-factory>
</hibernate-configuration>