<?xml version='1.0' encoding='utf-8'?>
<!DOCTYPE hibernate-mapping PUBLIC
        "-//Hibernate/Hibernate Mapping DTD 3.0//EN"
        "http://www.hibernate.org/dtd/hibernate-mapping-3.0.dtd">
<hibernate-mapping>

    <!--    <class name="com.example.CustomerEntity" table="customer" schema="db1">-->
    <!--        <id name="id" column="id"/>-->
    <!--        <property name="name" column="name"/>-->
    <!--    </class>-->

    <class name="com.example.test.StudentEntity" table="Student">
        <id name="id" type="integer">
            <column name="id"/>
            <generator class="native"/>
        </id>
        <property name="Name" type="string">
            <column name="Name" length="15" not-null="true"/>
        </property>

        <property name="StuNum" type="string">
            <column name="StuNum" length="15" not-null="true"/>
        </property>

    </class>


</hibernate-mapping>